folder,file,original_count,retained_count,reduction_rate
103431n,E_first.txt,8,8,0.0
103431n,N_first.txt,8,8,0.0
103431n,C_first.txt,14,14,0.0
77654e,E_first.txt,5,5,0.0
77654e,N_first.txt,5,5,0.0
77654e,C_first.txt,5,4,0.19999999999999996
81356e,E_first.txt,5,5,0.0
81356e,N_first.txt,7,7,0.0
81356e,C_first.txt,3,3,0.0
52761e,E_first.txt,5,5,0.0
52761e,N_first.txt,9,9,0.0
52761e,C_first.txt,7,5,0.2857142857142857
31249e,E_first.txt,5,5,0.0
31249e,N_first.txt,7,7,0.0
31249e,C_first.txt,7,7,0.0
84781c,E_first.txt,4,4,0.0
84781c,N_first.txt,4,4,0.0
84781c,C_first.txt,3,3,0.0
32754n,E_first.txt,4,4,0.0
32754n,N_first.txt,2,2,0.0
32754n,C_first.txt,3,3,0.0
14126e,E_first.txt,4,4,0.0
14126e,N_first.txt,6,6,0.0
14126e,C_first.txt,6,6,0.0
72870n,E_first.txt,7,7,0.0
72870n,N_first.txt,7,6,0.1428571428571429
72870n,C_first.txt,10,10,0.0
114458e,E_first.txt,8,8,0.0
114458e,N_first.txt,5,5,0.0
114458e,C_first.txt,8,7,0.125
135021n,E_first.txt,9,8,0.11111111111111116
135021n,N_first.txt,7,7,0.0
135021n,C_first.txt,8,8,0.0
124839c,E_first.txt,5,5,0.0
124839c,N_first.txt,5,5,0.0
124839c,C_first.txt,4,4,0.0
49462c,E_first.txt,3,3,0.0
49462c,N_first.txt,6,5,0.16666666666666663
49462c,C_first.txt,3,3,0.0
54811c,E_first.txt,4,4,0.0
54811c,N_first.txt,4,4,0.0
54811c,C_first.txt,3,3,0.0
102563n,E_first.txt,5,5,0.0
102563n,N_first.txt,6,6,0.0
102563n,C_first.txt,6,6,0.0
58016c,E_first.txt,4,3,0.25
58016c,N_first.txt,7,7,0.0
58016c,C_first.txt,8,8,0.0
114492n,E_first.txt,4,4,0.0
114492n,N_first.txt,6,6,0.0
114492n,C_first.txt,5,5,0.0
6105e,E_first.txt,5,5,0.0
6105e,N_first.txt,5,5,0.0
6105e,C_first.txt,4,4,0.0
35700c,E_first.txt,3,3,0.0
35700c,N_first.txt,4,4,0.0
35700c,C_first.txt,4,2,0.5
120323n,E_first.txt,4,4,0.0
120323n,N_first.txt,8,8,0.0
120323n,C_first.txt,8,8,0.0
96946n,E_first.txt,7,7,0.0
96946n,N_first.txt,5,5,0.0
96946n,C_first.txt,5,5,0.0
13911n,E_first.txt,6,6,0.0
13911n,N_first.txt,4,4,0.0
13911n,C_first.txt,5,5,0.0
56163c,E_first.txt,5,4,0.19999999999999996
56163c,N_first.txt,4,4,0.0
56163c,C_first.txt,7,7,0.0
57454c,E_first.txt,1,1,0.0
57454c,N_first.txt,4,4,0.0
57454c,C_first.txt,4,4,0.0
125013e,E_first.txt,4,4,0.0
125013e,N_first.txt,4,4,0.0
125013e,C_first.txt,4,3,0.25
58357c,E_first.txt,10,10,0.0
58357c,N_first.txt,10,6,0.4
58357c,C_first.txt,15,8,0.4666666666666667
16494c,E_first.txt,5,5,0.0
16494c,N_first.txt,5,4,0.19999999999999996
16494c,C_first.txt,4,3,0.25
77116e,E_first.txt,5,5,0.0
77116e,N_first.txt,7,6,0.1428571428571429
77116e,C_first.txt,5,5,0.0
104805e,E_first.txt,5,5,0.0
104805e,N_first.txt,5,3,0.4
104805e,C_first.txt,5,5,0.0
53866e,E_first.txt,5,5,0.0
53866e,N_first.txt,8,7,0.125
53866e,C_first.txt,3,3,0.0
26372n,E_first.txt,4,4,0.0
26372n,N_first.txt,10,10,0.0
26372n,C_first.txt,3,3,0.0
13387e,E_first.txt,6,5,0.16666666666666663
13387e,N_first.txt,5,5,0.0
13387e,C_first.txt,12,9,0.25
63218n,E_first.txt,6,6,0.0
63218n,N_first.txt,5,5,0.0
63218n,C_first.txt,4,4,0.0
54458n,E_first.txt,5,5,0.0
54458n,N_first.txt,5,5,0.0
54458n,C_first.txt,8,6,0.25
15100e,E_first.txt,4,4,0.0
15100e,N_first.txt,5,4,0.19999999999999996
15100e,C_first.txt,5,5,0.0
19c,E_first.txt,7,6,0.1428571428571429
19c,N_first.txt,5,5,0.0
19c,C_first.txt,8,7,0.125
52171c,E_first.txt,5,5,0.0
52171c,N_first.txt,5,5,0.0
52171c,C_first.txt,6,6,0.0
101525c,E_first.txt,4,3,0.25
101525c,N_first.txt,8,8,0.0
101525c,C_first.txt,7,6,0.1428571428571429
98561e,E_first.txt,3,3,0.0
98561e,N_first.txt,4,3,0.25
98561e,C_first.txt,6,5,0.16666666666666663
46650n,E_first.txt,4,4,0.0
46650n,N_first.txt,6,6,0.0
46650n,C_first.txt,4,4,0.0
43891n,E_first.txt,4,4,0.0
43891n,N_first.txt,8,6,0.25
43891n,C_first.txt,4,3,0.25
91650n,E_first.txt,4,4,0.0
91650n,N_first.txt,4,4,0.0
91650n,C_first.txt,5,4,0.19999999999999996
109278n,E_first.txt,4,4,0.0
109278n,N_first.txt,7,7,0.0
109278n,C_first.txt,2,2,0.0
103169n,E_first.txt,6,4,0.33333333333333337
103169n,N_first.txt,5,5,0.0
103169n,C_first.txt,7,6,0.1428571428571429
62238e,E_first.txt,6,6,0.0
62238e,N_first.txt,5,5,0.0
62238e,C_first.txt,5,5,0.0
46198c,E_first.txt,8,8,0.0
46198c,N_first.txt,5,5,0.0
46198c,C_first.txt,5,5,0.0
142604e,E_first.txt,6,6,0.0
142604e,N_first.txt,10,10,0.0
142604e,C_first.txt,7,6,0.1428571428571429
77590c,E_first.txt,5,4,0.19999999999999996
77590c,N_first.txt,5,5,0.0
77590c,C_first.txt,8,8,0.0
83900e,E_first.txt,5,5,0.0
83900e,N_first.txt,5,4,0.19999999999999996
83900e,C_first.txt,4,4,0.0
837n,E_first.txt,5,4,0.19999999999999996
837n,N_first.txt,5,5,0.0
837n,C_first.txt,10,9,0.09999999999999998
16989c,E_first.txt,5,5,0.0
16989c,N_first.txt,5,5,0.0
16989c,C_first.txt,8,8,0.0
23769n,E_first.txt,4,4,0.0
23769n,N_first.txt,4,4,0.0
23769n,C_first.txt,3,3,0.0
80109n,E_first.txt,3,3,0.0
80109n,N_first.txt,5,5,0.0
80109n,C_first.txt,5,5,0.0
84781e,E_first.txt,5,5,0.0
84781e,N_first.txt,5,5,0.0
84781e,C_first.txt,7,7,0.0
118415n,E_first.txt,8,8,0.0
118415n,N_first.txt,4,4,0.0
118415n,C_first.txt,7,7,0.0
72875e,E_first.txt,5,4,0.19999999999999996
72875e,N_first.txt,5,3,0.4
72875e,C_first.txt,7,6,0.1428571428571429
128160n,E_first.txt,5,5,0.0
128160n,N_first.txt,6,5,0.16666666666666663
128160n,C_first.txt,7,6,0.1428571428571429
46003n,E_first.txt,7,7,0.0
46003n,N_first.txt,5,3,0.4
46003n,C_first.txt,10,9,0.09999999999999998
26495e,E_first.txt,7,6,0.1428571428571429
26495e,N_first.txt,8,8,0.0
26495e,C_first.txt,6,5,0.16666666666666663
83247e,E_first.txt,6,4,0.33333333333333337
83247e,N_first.txt,8,8,0.0
83247e,C_first.txt,5,5,0.0
122062n,E_first.txt,5,5,0.0
122062n,N_first.txt,8,7,0.125
122062n,C_first.txt,6,6,0.0
89995c,E_first.txt,5,5,0.0
89995c,N_first.txt,5,5,0.0
89995c,C_first.txt,10,10,0.0
97926c,E_first.txt,3,3,0.0
97926c,N_first.txt,6,6,0.0
97926c,C_first.txt,2,2,0.0
49807n,E_first.txt,5,5,0.0
49807n,N_first.txt,6,6,0.0
49807n,C_first.txt,4,4,0.0
95186n,E_first.txt,5,4,0.19999999999999996
95186n,N_first.txt,5,5,0.0
95186n,C_first.txt,6,6,0.0
129601e,E_first.txt,6,6,0.0
129601e,N_first.txt,5,5,0.0
129601e,C_first.txt,5,5,0.0
66225n,E_first.txt,6,6,0.0
66225n,N_first.txt,7,6,0.1428571428571429
66225n,C_first.txt,4,4,0.0
97520e,E_first.txt,5,5,0.0
97520e,N_first.txt,7,7,0.0
97520e,C_first.txt,5,5,0.0
37407n,E_first.txt,7,7,0.0
37407n,N_first.txt,5,5,0.0
37407n,C_first.txt,5,5,0.0
41052n,E_first.txt,5,5,0.0
41052n,N_first.txt,7,7,0.0
41052n,C_first.txt,4,4,0.0
97569e,E_first.txt,8,8,0.0
97569e,N_first.txt,5,4,0.19999999999999996
97569e,C_first.txt,10,10,0.0
102817c,E_first.txt,5,4,0.19999999999999996
102817c,N_first.txt,4,4,0.0
102817c,C_first.txt,4,4,0.0
139409e,E_first.txt,4,4,0.0
139409e,N_first.txt,6,6,0.0
139409e,C_first.txt,3,3,0.0
57454e,E_first.txt,2,2,0.0
57454e,N_first.txt,5,4,0.19999999999999996
57454e,C_first.txt,5,5,0.0
66689c,E_first.txt,5,5,0.0
66689c,N_first.txt,5,5,0.0
66689c,C_first.txt,6,6,0.0
123703e,E_first.txt,8,8,0.0
123703e,N_first.txt,4,4,0.0
123703e,C_first.txt,4,4,0.0
34573n,E_first.txt,15,12,0.19999999999999996
34573n,N_first.txt,5,5,0.0
34573n,C_first.txt,5,5,0.0
133243e,E_first.txt,7,7,0.0
133243e,N_first.txt,10,10,0.0
133243e,C_first.txt,6,5,0.16666666666666663
40710n,E_first.txt,5,5,0.0
40710n,N_first.txt,6,6,0.0
40710n,C_first.txt,7,7,0.0
114971e,E_first.txt,3,3,0.0
114971e,N_first.txt,5,5,0.0
114971e,C_first.txt,4,4,0.0
80517e,E_first.txt,6,6,0.0
80517e,N_first.txt,6,4,0.33333333333333337
80517e,C_first.txt,4,4,0.0
30139n,E_first.txt,5,5,0.0
30139n,N_first.txt,5,5,0.0
30139n,C_first.txt,8,8,0.0
54327n,E_first.txt,5,5,0.0
54327n,N_first.txt,6,5,0.16666666666666663
54327n,C_first.txt,6,6,0.0
120070n,E_first.txt,3,3,0.0
120070n,N_first.txt,6,6,0.0
120070n,C_first.txt,5,5,0.0
63013n,E_first.txt,3,3,0.0
63013n,N_first.txt,6,6,0.0
63013n,C_first.txt,9,8,0.11111111111111116
144753n,E_first.txt,5,5,0.0
144753n,N_first.txt,5,5,0.0
144753n,C_first.txt,5,5,0.0
101253c,E_first.txt,5,5,0.0
101253c,N_first.txt,8,7,0.125
101253c,C_first.txt,3,3,0.0
917c,E_first.txt,5,5,0.0
917c,N_first.txt,8,7,0.125
917c,C_first.txt,16,13,0.1875
132516n,E_first.txt,4,4,0.0
132516n,N_first.txt,6,5,0.16666666666666663
132516n,C_first.txt,4,4,0.0
79106e,E_first.txt,5,5,0.0
79106e,N_first.txt,7,7,0.0
79106e,C_first.txt,5,5,0.0
38477c,E_first.txt,3,3,0.0
38477c,N_first.txt,5,5,0.0
38477c,C_first.txt,5,5,0.0
53074n,E_first.txt,4,4,0.0
53074n,N_first.txt,10,9,0.09999999999999998
53074n,C_first.txt,5,5,0.0
76947n,E_first.txt,5,5,0.0
76947n,N_first.txt,9,9,0.0
76947n,C_first.txt,6,5,0.16666666666666663
82230e,E_first.txt,8,6,0.25
82230e,N_first.txt,5,5,0.0
82230e,C_first.txt,3,3,0.0
138966n,E_first.txt,5,4,0.19999999999999996
138966n,N_first.txt,4,3,0.25
138966n,C_first.txt,5,5,0.0
40486n,E_first.txt,6,6,0.0
40486n,N_first.txt,9,8,0.11111111111111116
40486n,C_first.txt,7,3,0.5714285714285714
21810n,E_first.txt,3,3,0.0
21810n,N_first.txt,6,6,0.0
21810n,C_first.txt,6,6,0.0
77875e,E_first.txt,5,5,0.0
77875e,N_first.txt,10,7,0.30000000000000004
77875e,C_first.txt,8,7,0.125
104412e,E_first.txt,6,6,0.0
104412e,N_first.txt,9,8,0.11111111111111116
104412e,C_first.txt,5,5,0.0
23751e,E_first.txt,8,6,0.25
23751e,N_first.txt,3,2,0.33333333333333337
23751e,C_first.txt,6,6,0.0
42388e,E_first.txt,7,6,0.1428571428571429
42388e,N_first.txt,8,8,0.0
42388e,C_first.txt,6,6,0.0
113668n,E_first.txt,7,7,0.0
113668n,N_first.txt,8,8,0.0
113668n,C_first.txt,5,5,0.0
88605e,E_first.txt,7,6,0.1428571428571429
88605e,N_first.txt,4,4,0.0
88605e,C_first.txt,3,3,0.0
80630e,E_first.txt,5,5,0.0
80630e,N_first.txt,8,7,0.125
80630e,C_first.txt,6,6,0.0
125700e,E_first.txt,3,3,0.0
125700e,N_first.txt,5,5,0.0
125700e,C_first.txt,4,4,0.0
70047c,E_first.txt,5,3,0.4
70047c,N_first.txt,3,2,0.33333333333333337
70047c,C_first.txt,6,6,0.0
140005c,E_first.txt,3,3,0.0
140005c,N_first.txt,4,4,0.0
140005c,C_first.txt,3,3,0.0
71251n,E_first.txt,4,4,0.0
71251n,N_first.txt,5,4,0.19999999999999996
71251n,C_first.txt,4,4,0.0
109876n,E_first.txt,7,7,0.0
109876n,N_first.txt,5,5,0.0
109876n,C_first.txt,5,4,0.19999999999999996
83722e,E_first.txt,4,4,0.0
83722e,N_first.txt,3,2,0.33333333333333337
83722e,C_first.txt,6,6,0.0
20181n,E_first.txt,15,13,0.1333333333333333
20181n,N_first.txt,11,8,0.2727272727272727
20181n,C_first.txt,10,10,0.0
23280n,E_first.txt,4,3,0.25
23280n,N_first.txt,6,6,0.0
23280n,C_first.txt,3,3,0.0
140782c,E_first.txt,5,5,0.0
140782c,N_first.txt,5,5,0.0
140782c,C_first.txt,9,7,0.2222222222222222
88646c,E_first.txt,5,4,0.19999999999999996
88646c,N_first.txt,7,6,0.1428571428571429
88646c,C_first.txt,5,5,0.0
24385e,E_first.txt,8,8,0.0
24385e,N_first.txt,5,5,0.0
24385e,C_first.txt,3,3,0.0
22587e,E_first.txt,8,7,0.125
22587e,N_first.txt,5,5,0.0
22587e,C_first.txt,10,8,0.19999999999999996
42860n,E_first.txt,5,5,0.0
42860n,N_first.txt,4,4,0.0
42860n,C_first.txt,5,5,0.0
122645n,E_first.txt,3,3,0.0
122645n,N_first.txt,5,5,0.0
122645n,C_first.txt,8,7,0.125
52854n,E_first.txt,3,3,0.0
52854n,N_first.txt,5,5,0.0
52854n,C_first.txt,5,5,0.0
18428n,E_first.txt,5,4,0.19999999999999996
18428n,N_first.txt,5,5,0.0
18428n,C_first.txt,7,7,0.0
43440n,E_first.txt,6,6,0.0
43440n,N_first.txt,7,7,0.0
43440n,C_first.txt,8,8,0.0
98844n,E_first.txt,4,4,0.0
98844n,N_first.txt,5,5,0.0
98844n,C_first.txt,3,3,0.0
31113e,E_first.txt,10,10,0.0
31113e,N_first.txt,5,5,0.0
31113e,C_first.txt,10,7,0.30000000000000004
100768n,E_first.txt,4,4,0.0
100768n,N_first.txt,7,7,0.0
100768n,C_first.txt,5,5,0.0
33822e,E_first.txt,10,8,0.19999999999999996
33822e,N_first.txt,7,7,0.0
33822e,C_first.txt,12,11,0.08333333333333337
106390n,E_first.txt,5,5,0.0
106390n,N_first.txt,5,5,0.0
106390n,C_first.txt,6,6,0.0
122928e,E_first.txt,5,5,0.0
122928e,N_first.txt,7,7,0.0
122928e,C_first.txt,3,3,0.0
78105e,E_first.txt,3,3,0.0
78105e,N_first.txt,4,4,0.0
78105e,C_first.txt,4,4,0.0
120896n,E_first.txt,9,9,0.0
120896n,N_first.txt,5,4,0.19999999999999996
120896n,C_first.txt,5,5,0.0
91601n,E_first.txt,5,3,0.4
91601n,N_first.txt,4,4,0.0
91601n,C_first.txt,6,6,0.0
88188e,E_first.txt,7,7,0.0
88188e,N_first.txt,5,5,0.0
88188e,C_first.txt,6,5,0.16666666666666663
1735n,E_first.txt,5,5,0.0
1735n,N_first.txt,6,6,0.0
1735n,C_first.txt,5,5,0.0
8487n,E_first.txt,4,4,0.0
8487n,N_first.txt,3,2,0.33333333333333337
8487n,C_first.txt,5,5,0.0
70590c,E_first.txt,5,5,0.0
70590c,N_first.txt,5,5,0.0
70590c,C_first.txt,8,8,0.0
136752e,E_first.txt,6,6,0.0
136752e,N_first.txt,5,5,0.0
136752e,C_first.txt,5,5,0.0
23751c,E_first.txt,5,4,0.19999999999999996
23751c,N_first.txt,8,7,0.125
23751c,C_first.txt,10,10,0.0
117089n,E_first.txt,10,8,0.19999999999999996
117089n,N_first.txt,8,8,0.0
117089n,C_first.txt,6,6,0.0
113644n,E_first.txt,5,5,0.0
113644n,N_first.txt,5,5,0.0
113644n,C_first.txt,4,4,0.0
141293e,E_first.txt,4,4,0.0
141293e,N_first.txt,6,6,0.0
141293e,C_first.txt,6,4,0.33333333333333337
77893n,E_first.txt,3,3,0.0
77893n,N_first.txt,9,9,0.0
77893n,C_first.txt,8,8,0.0
12815n,E_first.txt,8,7,0.125
12815n,N_first.txt,12,12,0.0
12815n,C_first.txt,10,8,0.19999999999999996
67610c,E_first.txt,7,7,0.0
67610c,N_first.txt,5,5,0.0
67610c,C_first.txt,4,3,0.25
111338c,E_first.txt,4,4,0.0
111338c,N_first.txt,3,3,0.0
111338c,C_first.txt,4,3,0.25
96956c,E_first.txt,5,5,0.0
96956c,N_first.txt,6,5,0.16666666666666663
96956c,C_first.txt,5,5,0.0
13964e,E_first.txt,6,5,0.16666666666666663
13964e,N_first.txt,5,5,0.0
13964e,C_first.txt,5,5,0.0
99708e,E_first.txt,8,5,0.375
99708e,N_first.txt,8,8,0.0
99708e,C_first.txt,5,4,0.19999999999999996
136097n,E_first.txt,6,6,0.0
136097n,N_first.txt,5,5,0.0
136097n,C_first.txt,10,10,0.0
80808n,E_first.txt,5,5,0.0
80808n,N_first.txt,6,6,0.0
80808n,C_first.txt,3,3,0.0
73840n,E_first.txt,5,5,0.0
73840n,N_first.txt,6,6,0.0
73840n,C_first.txt,8,8,0.0
46059c,E_first.txt,2,2,0.0
46059c,N_first.txt,5,5,0.0
46059c,C_first.txt,4,4,0.0
145495c,E_first.txt,4,4,0.0
145495c,N_first.txt,5,5,0.0
145495c,C_first.txt,6,6,0.0
38527n,E_first.txt,6,6,0.0
38527n,N_first.txt,5,4,0.19999999999999996
38527n,C_first.txt,3,3,0.0
21834e,E_first.txt,8,7,0.125
21834e,N_first.txt,6,5,0.16666666666666663
21834e,C_first.txt,8,5,0.375
45774c,E_first.txt,7,7,0.0
45774c,N_first.txt,6,6,0.0
45774c,C_first.txt,7,5,0.2857142857142857
73191n,E_first.txt,3,3,0.0
73191n,N_first.txt,5,4,0.19999999999999996
73191n,C_first.txt,4,4,0.0
47260n,E_first.txt,4,4,0.0
47260n,N_first.txt,4,4,0.0
47260n,C_first.txt,3,3,0.0
23414c,E_first.txt,8,7,0.125
23414c,N_first.txt,10,10,0.0
23414c,C_first.txt,5,5,0.0
17576n,E_first.txt,5,5,0.0
17576n,N_first.txt,5,5,0.0
17576n,C_first.txt,4,4,0.0
49396e,E_first.txt,5,5,0.0
49396e,N_first.txt,5,4,0.19999999999999996
49396e,C_first.txt,5,5,0.0
19768c,E_first.txt,3,3,0.0
19768c,N_first.txt,10,8,0.19999999999999996
19768c,C_first.txt,8,8,0.0
36811c,E_first.txt,5,5,0.0
36811c,N_first.txt,5,4,0.19999999999999996
36811c,C_first.txt,5,5,0.0
118403n,E_first.txt,10,10,0.0
118403n,N_first.txt,5,5,0.0
118403n,C_first.txt,10,10,0.0
23583e,E_first.txt,6,4,0.33333333333333337
23583e,N_first.txt,4,4,0.0
23583e,C_first.txt,6,6,0.0
36715e,E_first.txt,4,4,0.0
36715e,N_first.txt,5,4,0.19999999999999996
36715e,C_first.txt,4,4,0.0
16996e,E_first.txt,4,3,0.25
16996e,N_first.txt,5,5,0.0
16996e,C_first.txt,4,4,0.0
90548e,E_first.txt,4,4,0.0
90548e,N_first.txt,5,3,0.4
90548e,C_first.txt,9,8,0.11111111111111116
59934n,E_first.txt,7,5,0.2857142857142857
59934n,N_first.txt,5,5,0.0
59934n,C_first.txt,6,6,0.0
82510c,E_first.txt,5,5,0.0
82510c,N_first.txt,5,4,0.19999999999999996
82510c,C_first.txt,4,4,0.0
28306c,E_first.txt,8,8,0.0
28306c,N_first.txt,5,5,0.0
28306c,C_first.txt,10,9,0.09999999999999998
5087e,E_first.txt,8,8,0.0
5087e,N_first.txt,12,8,0.33333333333333337
5087e,C_first.txt,3,3,0.0
143789n,E_first.txt,7,7,0.0
143789n,N_first.txt,4,2,0.5
143789n,C_first.txt,5,4,0.19999999999999996
130869n,E_first.txt,4,4,0.0
130869n,N_first.txt,4,4,0.0
130869n,C_first.txt,4,4,0.0
133597n,E_first.txt,14,6,0.5714285714285714
133597n,N_first.txt,5,4,0.19999999999999996
133597n,C_first.txt,7,6,0.1428571428571429
105561e,E_first.txt,3,3,0.0
105561e,N_first.txt,5,5,0.0
105561e,C_first.txt,5,4,0.19999999999999996
69975n,E_first.txt,5,5,0.0
69975n,N_first.txt,5,5,0.0
69975n,C_first.txt,4,4,0.0
56743e,E_first.txt,13,13,0.0
56743e,N_first.txt,6,6,0.0
56743e,C_first.txt,3,3,0.0
61818n,E_first.txt,5,5,0.0
61818n,N_first.txt,4,4,0.0
61818n,C_first.txt,5,5,0.0
129081e,E_first.txt,10,10,0.0
129081e,N_first.txt,8,8,0.0
129081e,C_first.txt,4,4,0.0
111243n,E_first.txt,6,4,0.33333333333333337
111243n,N_first.txt,6,6,0.0
111243n,C_first.txt,3,3,0.0
94674c,E_first.txt,5,5,0.0
94674c,N_first.txt,6,6,0.0
94674c,C_first.txt,5,5,0.0
111338e,E_first.txt,4,4,0.0
111338e,N_first.txt,7,6,0.1428571428571429
111338e,C_first.txt,5,4,0.19999999999999996
5193n,E_first.txt,5,4,0.19999999999999996
5193n,N_first.txt,8,5,0.375
5193n,C_first.txt,5,3,0.4
23642n,E_first.txt,4,4,0.0
23642n,N_first.txt,6,4,0.33333333333333337
23642n,C_first.txt,5,4,0.19999999999999996
65650e,E_first.txt,4,4,0.0
65650e,N_first.txt,8,7,0.125
65650e,C_first.txt,5,5,0.0
19803e,E_first.txt,7,7,0.0
19803e,N_first.txt,8,8,0.0
19803e,C_first.txt,5,5,0.0
47798n,E_first.txt,3,3,0.0
47798n,N_first.txt,5,5,0.0
47798n,C_first.txt,5,5,0.0
134103n,E_first.txt,5,5,0.0
134103n,N_first.txt,7,7,0.0
134103n,C_first.txt,5,5,0.0
55888c,E_first.txt,7,7,0.0
55888c,N_first.txt,6,5,0.16666666666666663
55888c,C_first.txt,5,5,0.0
84055n,E_first.txt,5,5,0.0
84055n,N_first.txt,5,5,0.0
84055n,C_first.txt,7,7,0.0
48222n,E_first.txt,6,6,0.0
48222n,N_first.txt,6,6,0.0
48222n,C_first.txt,5,5,0.0
138285n,E_first.txt,5,5,0.0
138285n,N_first.txt,6,6,0.0
138285n,C_first.txt,5,5,0.0
32889n,E_first.txt,10,9,0.09999999999999998
32889n,N_first.txt,5,5,0.0
32889n,C_first.txt,4,4,0.0
126486n,E_first.txt,9,9,0.0
126486n,N_first.txt,4,3,0.25
126486n,C_first.txt,5,5,0.0
111680e,E_first.txt,6,6,0.0
111680e,N_first.txt,7,7,0.0
111680e,C_first.txt,6,6,0.0
82700c,E_first.txt,1,1,0.0
82700c,N_first.txt,5,5,0.0
82700c,C_first.txt,6,6,0.0
113039e,E_first.txt,9,7,0.2222222222222222
113039e,N_first.txt,5,4,0.19999999999999996
113039e,C_first.txt,5,5,0.0
82510e,E_first.txt,4,4,0.0
82510e,N_first.txt,5,5,0.0
82510e,C_first.txt,5,5,0.0
123038e,E_first.txt,6,6,0.0
123038e,N_first.txt,6,6,0.0
123038e,C_first.txt,4,4,0.0
58954c,E_first.txt,5,5,0.0
58954c,N_first.txt,6,5,0.16666666666666663
58954c,C_first.txt,5,5,0.0
135247c,E_first.txt,4,4,0.0
135247c,N_first.txt,5,5,0.0
135247c,C_first.txt,4,4,0.0
113967e,E_first.txt,5,3,0.4
113967e,N_first.txt,6,5,0.16666666666666663
113967e,C_first.txt,5,5,0.0
115821n,E_first.txt,7,7,0.0
115821n,N_first.txt,6,5,0.16666666666666663
115821n,C_first.txt,10,10,0.0
137319n,E_first.txt,10,9,0.09999999999999998
137319n,N_first.txt,5,2,0.6
137319n,C_first.txt,7,5,0.2857142857142857
91797c,E_first.txt,5,5,0.0
91797c,N_first.txt,6,5,0.16666666666666663
91797c,C_first.txt,4,3,0.25
10547c,E_first.txt,4,3,0.25
10547c,N_first.txt,5,3,0.4
10547c,C_first.txt,10,9,0.09999999999999998
45605n,E_first.txt,5,4,0.19999999999999996
45605n,N_first.txt,5,5,0.0
45605n,C_first.txt,6,6,0.0
14459n,E_first.txt,12,8,0.33333333333333337
14459n,N_first.txt,10,9,0.09999999999999998
14459n,C_first.txt,4,4,0.0
15771c,E_first.txt,4,4,0.0
15771c,N_first.txt,6,6,0.0
15771c,C_first.txt,4,4,0.0
116059n,E_first.txt,8,8,0.0
116059n,N_first.txt,8,7,0.125
116059n,C_first.txt,8,7,0.125
105196n,E_first.txt,10,10,0.0
105196n,N_first.txt,8,8,0.0
105196n,C_first.txt,6,6,0.0
26143n,E_first.txt,5,4,0.19999999999999996
26143n,N_first.txt,4,4,0.0
26143n,C_first.txt,7,5,0.2857142857142857
134655c,E_first.txt,3,3,0.0
134655c,N_first.txt,6,5,0.16666666666666663
134655c,C_first.txt,7,6,0.1428571428571429
30894c,E_first.txt,6,6,0.0
30894c,N_first.txt,5,5,0.0
30894c,C_first.txt,12,11,0.08333333333333337
66858n,E_first.txt,8,7,0.125
66858n,N_first.txt,5,5,0.0
66858n,C_first.txt,10,9,0.09999999999999998
24103n,E_first.txt,7,6,0.1428571428571429
24103n,N_first.txt,8,8,0.0
24103n,C_first.txt,6,5,0.16666666666666663
124037n,E_first.txt,5,5,0.0
124037n,N_first.txt,6,6,0.0
124037n,C_first.txt,4,4,0.0
123748n,E_first.txt,5,5,0.0
123748n,N_first.txt,7,7,0.0
123748n,C_first.txt,6,6,0.0
100792c,E_first.txt,10,10,0.0
100792c,N_first.txt,10,10,0.0
100792c,C_first.txt,5,5,0.0
53468n,E_first.txt,5,5,0.0
53468n,N_first.txt,5,5,0.0
53468n,C_first.txt,4,4,0.0
134514c,E_first.txt,3,3,0.0
134514c,N_first.txt,4,4,0.0
134514c,C_first.txt,3,3,0.0
100895c,E_first.txt,4,4,0.0
100895c,N_first.txt,6,6,0.0
100895c,C_first.txt,10,10,0.0
91709c,E_first.txt,8,8,0.0
91709c,N_first.txt,5,4,0.19999999999999996
91709c,C_first.txt,7,6,0.1428571428571429
49172n,E_first.txt,5,5,0.0
49172n,N_first.txt,4,4,0.0
49172n,C_first.txt,10,8,0.19999999999999996
62273n,E_first.txt,4,4,0.0
62273n,N_first.txt,5,5,0.0
62273n,C_first.txt,5,5,0.0
98739n,E_first.txt,6,5,0.16666666666666663
98739n,N_first.txt,5,5,0.0
98739n,C_first.txt,8,8,0.0
117680c,E_first.txt,4,4,0.0
117680c,N_first.txt,6,6,0.0
117680c,C_first.txt,5,5,0.0
21957n,E_first.txt,7,7,0.0
21957n,N_first.txt,6,5,0.16666666666666663
21957n,C_first.txt,4,4,0.0
76957c,E_first.txt,9,9,0.0
76957c,N_first.txt,8,8,0.0
76957c,C_first.txt,6,5,0.16666666666666663
24163e,E_first.txt,5,5,0.0
24163e,N_first.txt,11,9,0.18181818181818177
24163e,C_first.txt,10,9,0.09999999999999998
17660e,E_first.txt,8,7,0.125
17660e,N_first.txt,5,5,0.0
17660e,C_first.txt,7,7,0.0
45306n,E_first.txt,8,8,0.0
45306n,N_first.txt,5,5,0.0
45306n,C_first.txt,5,4,0.19999999999999996
24126n,E_first.txt,6,6,0.0
24126n,N_first.txt,4,4,0.0
24126n,C_first.txt,8,8,0.0
7856c,E_first.txt,7,7,0.0
7856c,N_first.txt,7,6,0.1428571428571429
7856c,C_first.txt,5,5,0.0
75259c,E_first.txt,4,4,0.0
75259c,N_first.txt,5,5,0.0
75259c,C_first.txt,6,6,0.0
77025c,E_first.txt,7,6,0.1428571428571429
77025c,N_first.txt,5,5,0.0
77025c,C_first.txt,4,4,0.0
46576e,E_first.txt,8,8,0.0
46576e,N_first.txt,8,8,0.0
46576e,C_first.txt,8,6,0.25
25437n,E_first.txt,5,5,0.0
25437n,N_first.txt,5,5,0.0
25437n,C_first.txt,4,4,0.0
77299n,E_first.txt,6,5,0.16666666666666663
77299n,N_first.txt,6,6,0.0
77299n,C_first.txt,10,10,0.0
9393n,E_first.txt,4,4,0.0
9393n,N_first.txt,5,5,0.0
9393n,C_first.txt,4,4,0.0
50484c,E_first.txt,5,5,0.0
50484c,N_first.txt,7,7,0.0
50484c,C_first.txt,6,6,0.0
138530e,E_first.txt,6,4,0.33333333333333337
138530e,N_first.txt,10,6,0.4
138530e,C_first.txt,7,6,0.1428571428571429
98621n,E_first.txt,5,5,0.0
98621n,N_first.txt,10,10,0.0
98621n,C_first.txt,11,11,0.0
11303n,E_first.txt,5,5,0.0
11303n,N_first.txt,6,6,0.0
11303n,C_first.txt,4,4,0.0
82415n,E_first.txt,6,6,0.0
82415n,N_first.txt,5,4,0.19999999999999996
82415n,C_first.txt,4,4,0.0
66185c,E_first.txt,6,6,0.0
66185c,N_first.txt,10,9,0.09999999999999998
66185c,C_first.txt,8,8,0.0
105769c,E_first.txt,3,3,0.0
105769c,N_first.txt,6,6,0.0
105769c,C_first.txt,4,4,0.0
19668c,E_first.txt,8,8,0.0
19668c,N_first.txt,5,5,0.0
19668c,C_first.txt,5,5,0.0
18189e,E_first.txt,7,6,0.1428571428571429
18189e,N_first.txt,5,4,0.19999999999999996
18189e,C_first.txt,6,6,0.0
142643c,E_first.txt,3,3,0.0
142643c,N_first.txt,5,4,0.19999999999999996
142643c,C_first.txt,5,5,0.0
91913n,E_first.txt,5,5,0.0
91913n,N_first.txt,9,9,0.0
91913n,C_first.txt,8,8,0.0
22235n,E_first.txt,6,6,0.0
22235n,N_first.txt,5,5,0.0
22235n,C_first.txt,4,4,0.0
105179c,E_first.txt,5,5,0.0
105179c,N_first.txt,4,4,0.0
105179c,C_first.txt,4,4,0.0
10916n,E_first.txt,8,8,0.0
10916n,N_first.txt,6,6,0.0
10916n,C_first.txt,4,4,0.0
122322e,E_first.txt,6,5,0.16666666666666663
122322e,N_first.txt,5,5,0.0
122322e,C_first.txt,6,6,0.0
75572n,E_first.txt,6,6,0.0
75572n,N_first.txt,5,5,0.0
75572n,C_first.txt,5,5,0.0
56582n,E_first.txt,5,4,0.19999999999999996
56582n,N_first.txt,5,4,0.19999999999999996
56582n,C_first.txt,7,6,0.1428571428571429
132525n,E_first.txt,4,4,0.0
132525n,N_first.txt,7,7,0.0
132525n,C_first.txt,3,3,0.0
2133n,E_first.txt,5,4,0.19999999999999996
2133n,N_first.txt,5,5,0.0
2133n,C_first.txt,5,5,0.0
139362e,E_first.txt,5,5,0.0
139362e,N_first.txt,6,4,0.33333333333333337
139362e,C_first.txt,8,8,0.0
135251n,E_first.txt,3,3,0.0
135251n,N_first.txt,9,9,0.0
135251n,C_first.txt,9,6,0.33333333333333337
10724n,E_first.txt,6,5,0.16666666666666663
10724n,N_first.txt,6,5,0.16666666666666663
10724n,C_first.txt,5,5,0.0
48553c,E_first.txt,4,4,0.0
48553c,N_first.txt,7,7,0.0
48553c,C_first.txt,7,7,0.0
121910e,E_first.txt,3,3,0.0
121910e,N_first.txt,10,10,0.0
121910e,C_first.txt,4,4,0.0
136360e,E_first.txt,5,5,0.0
136360e,N_first.txt,10,7,0.30000000000000004
136360e,C_first.txt,4,3,0.25
67836n,E_first.txt,10,9,0.09999999999999998
67836n,N_first.txt,10,8,0.19999999999999996
67836n,C_first.txt,4,4,0.0
11971n,E_first.txt,4,3,0.25
11971n,N_first.txt,10,10,0.0
11971n,C_first.txt,7,7,0.0
49611e,E_first.txt,5,5,0.0
49611e,N_first.txt,6,6,0.0
49611e,C_first.txt,5,5,0.0
83248c,E_first.txt,5,5,0.0
83248c,N_first.txt,7,6,0.1428571428571429
83248c,C_first.txt,5,4,0.19999999999999996
28601n,E_first.txt,5,4,0.19999999999999996
28601n,N_first.txt,7,7,0.0
28601n,C_first.txt,5,5,0.0
65879c,E_first.txt,3,3,0.0
65879c,N_first.txt,7,7,0.0
65879c,C_first.txt,4,4,0.0
139635n,E_first.txt,5,5,0.0
139635n,N_first.txt,7,7,0.0
139635n,C_first.txt,10,9,0.09999999999999998
129601n,E_first.txt,8,8,0.0
129601n,N_first.txt,9,6,0.33333333333333337
129601n,C_first.txt,6,6,0.0
121360c,E_first.txt,5,5,0.0
121360c,N_first.txt,6,6,0.0
121360c,C_first.txt,5,5,0.0
68946c,E_first.txt,5,5,0.0
68946c,N_first.txt,8,8,0.0
68946c,C_first.txt,5,5,0.0
21340n,E_first.txt,5,5,0.0
21340n,N_first.txt,7,7,0.0
21340n,C_first.txt,6,6,0.0
45443c,E_first.txt,4,4,0.0
45443c,N_first.txt,5,4,0.19999999999999996
45443c,C_first.txt,5,5,0.0
73260n,E_first.txt,3,3,0.0
73260n,N_first.txt,7,7,0.0
73260n,C_first.txt,4,4,0.0
129185n,E_first.txt,5,5,0.0
129185n,N_first.txt,7,7,0.0
129185n,C_first.txt,10,10,0.0
121422c,E_first.txt,4,4,0.0
121422c,N_first.txt,5,5,0.0
121422c,C_first.txt,7,5,0.2857142857142857
46820e,E_first.txt,5,5,0.0
46820e,N_first.txt,5,4,0.19999999999999996
46820e,C_first.txt,9,9,0.0
98944c,E_first.txt,6,6,0.0
98944c,N_first.txt,5,5,0.0
98944c,C_first.txt,7,7,0.0
34176n,E_first.txt,5,5,0.0
34176n,N_first.txt,6,5,0.16666666666666663
34176n,C_first.txt,5,5,0.0
48300c,E_first.txt,3,3,0.0
48300c,N_first.txt,5,5,0.0
48300c,C_first.txt,6,6,0.0
72870c,E_first.txt,3,3,0.0
72870c,N_first.txt,4,4,0.0
72870c,C_first.txt,5,5,0.0
99791n,E_first.txt,3,3,0.0
99791n,N_first.txt,6,5,0.16666666666666663
99791n,C_first.txt,3,2,0.33333333333333337
111693e,E_first.txt,6,6,0.0
111693e,N_first.txt,5,5,0.0
111693e,C_first.txt,8,8,0.0
130928n,E_first.txt,5,5,0.0
130928n,N_first.txt,7,7,0.0
130928n,C_first.txt,7,7,0.0
120955n,E_first.txt,2,2,0.0
120955n,N_first.txt,9,8,0.11111111111111116
120955n,C_first.txt,3,3,0.0
50480n,E_first.txt,5,4,0.19999999999999996
50480n,N_first.txt,10,8,0.19999999999999996
50480n,C_first.txt,8,7,0.125
21297n,E_first.txt,2,2,0.0
21297n,N_first.txt,4,2,0.5
21297n,C_first.txt,8,5,0.375
124853e,E_first.txt,8,7,0.125
124853e,N_first.txt,4,4,0.0
124853e,C_first.txt,6,6,0.0
43094c,E_first.txt,6,5,0.16666666666666663
43094c,N_first.txt,6,6,0.0
43094c,C_first.txt,7,5,0.2857142857142857
11362e,E_first.txt,4,4,0.0
11362e,N_first.txt,5,5,0.0
11362e,C_first.txt,7,7,0.0
123027n,E_first.txt,5,5,0.0
123027n,N_first.txt,5,5,0.0
123027n,C_first.txt,10,10,0.0
102857n,E_first.txt,6,6,0.0
102857n,N_first.txt,5,5,0.0
102857n,C_first.txt,5,5,0.0
127410n,E_first.txt,5,5,0.0
127410n,N_first.txt,5,5,0.0
127410n,C_first.txt,13,11,0.15384615384615385
132019n,E_first.txt,10,10,0.0
132019n,N_first.txt,8,8,0.0
132019n,C_first.txt,3,3,0.0
19921n,E_first.txt,5,5,0.0
19921n,N_first.txt,6,6,0.0
19921n,C_first.txt,12,11,0.08333333333333337
70711c,E_first.txt,8,8,0.0
70711c,N_first.txt,6,6,0.0
70711c,C_first.txt,7,7,0.0
117892n,E_first.txt,5,5,0.0
117892n,N_first.txt,6,6,0.0
117892n,C_first.txt,5,4,0.19999999999999996
42983e,E_first.txt,5,3,0.4
42983e,N_first.txt,5,4,0.19999999999999996
42983e,C_first.txt,5,4,0.19999999999999996
53619c,E_first.txt,4,4,0.0
53619c,N_first.txt,6,6,0.0
53619c,C_first.txt,6,6,0.0
85279n,E_first.txt,5,5,0.0
85279n,N_first.txt,5,5,0.0
85279n,C_first.txt,5,5,0.0
115247c,E_first.txt,5,5,0.0
115247c,N_first.txt,5,5,0.0
115247c,C_first.txt,4,4,0.0
97011c,E_first.txt,8,8,0.0
97011c,N_first.txt,8,7,0.125
97011c,C_first.txt,5,5,0.0
127073c,E_first.txt,5,5,0.0
127073c,N_first.txt,8,7,0.125
127073c,C_first.txt,3,3,0.0
97926n,E_first.txt,5,5,0.0
97926n,N_first.txt,7,7,0.0
97926n,C_first.txt,5,5,0.0
131623c,E_first.txt,11,11,0.0
131623c,N_first.txt,6,6,0.0
131623c,C_first.txt,5,5,0.0
26142n,E_first.txt,5,5,0.0
26142n,N_first.txt,10,9,0.09999999999999998
26142n,C_first.txt,5,5,0.0
121910c,E_first.txt,3,2,0.33333333333333337
121910c,N_first.txt,5,5,0.0
121910c,C_first.txt,5,5,0.0
105911c,E_first.txt,5,5,0.0
105911c,N_first.txt,10,10,0.0
105911c,C_first.txt,5,5,0.0
93236c,E_first.txt,5,4,0.19999999999999996
93236c,N_first.txt,5,5,0.0
93236c,C_first.txt,5,5,0.0
49237c,E_first.txt,10,10,0.0
49237c,N_first.txt,8,8,0.0
49237c,C_first.txt,5,5,0.0
130680e,E_first.txt,8,8,0.0
130680e,N_first.txt,8,8,0.0
130680e,C_first.txt,4,4,0.0
11534n,E_first.txt,7,6,0.1428571428571429
11534n,N_first.txt,6,5,0.16666666666666663
11534n,C_first.txt,5,5,0.0
45957e,E_first.txt,5,5,0.0
45957e,N_first.txt,8,7,0.125
45957e,C_first.txt,6,6,0.0
46198n,E_first.txt,7,6,0.1428571428571429
46198n,N_first.txt,7,7,0.0
46198n,C_first.txt,7,6,0.1428571428571429
86429n,E_first.txt,5,5,0.0
86429n,N_first.txt,8,7,0.125
86429n,C_first.txt,7,7,0.0
134217e,E_first.txt,6,6,0.0
134217e,N_first.txt,5,5,0.0
134217e,C_first.txt,3,3,0.0
44747n,E_first.txt,8,5,0.375
44747n,N_first.txt,5,5,0.0
44747n,C_first.txt,6,5,0.16666666666666663
96583n,E_first.txt,5,5,0.0
96583n,N_first.txt,4,4,0.0
96583n,C_first.txt,7,7,0.0
17753n,E_first.txt,5,5,0.0
17753n,N_first.txt,5,5,0.0
17753n,C_first.txt,4,4,0.0
32754e,E_first.txt,5,5,0.0
32754e,N_first.txt,4,4,0.0
32754e,C_first.txt,6,6,0.0
108027n,E_first.txt,5,5,0.0
108027n,N_first.txt,6,6,0.0
108027n,C_first.txt,5,5,0.0
88050c,E_first.txt,3,3,0.0
88050c,N_first.txt,5,5,0.0
88050c,C_first.txt,3,3,0.0
136752n,E_first.txt,7,6,0.1428571428571429
136752n,N_first.txt,10,10,0.0
136752n,C_first.txt,8,7,0.125
30380c,E_first.txt,7,7,0.0
30380c,N_first.txt,8,8,0.0
30380c,C_first.txt,4,3,0.25
95883e,E_first.txt,4,4,0.0
95883e,N_first.txt,8,8,0.0
95883e,C_first.txt,3,3,0.0
3545n,E_first.txt,4,4,0.0
3545n,N_first.txt,5,5,0.0
3545n,C_first.txt,5,5,0.0
23901e,E_first.txt,5,5,0.0
23901e,N_first.txt,4,4,0.0
23901e,C_first.txt,4,3,0.25
72740c,E_first.txt,5,5,0.0
72740c,N_first.txt,8,8,0.0
72740c,C_first.txt,5,5,0.0
12601n,E_first.txt,6,6,0.0
12601n,N_first.txt,6,5,0.16666666666666663
12601n,C_first.txt,5,5,0.0
14388e,E_first.txt,6,6,0.0
14388e,N_first.txt,8,7,0.125
14388e,C_first.txt,8,8,0.0
51353e,E_first.txt,8,7,0.125
51353e,N_first.txt,10,9,0.09999999999999998
51353e,C_first.txt,10,9,0.09999999999999998
48223n,E_first.txt,4,4,0.0
48223n,N_first.txt,7,7,0.0
48223n,C_first.txt,5,3,0.4
133274n,E_first.txt,6,6,0.0
133274n,N_first.txt,6,6,0.0
133274n,C_first.txt,8,6,0.25
107399c,E_first.txt,10,10,0.0
107399c,N_first.txt,8,8,0.0
107399c,C_first.txt,5,5,0.0
117177n,E_first.txt,6,4,0.33333333333333337
117177n,N_first.txt,7,3,0.5714285714285714
117177n,C_first.txt,10,10,0.0
23280e,E_first.txt,5,5,0.0
23280e,N_first.txt,5,5,0.0
23280e,C_first.txt,5,5,0.0
22436n,E_first.txt,4,4,0.0
22436n,N_first.txt,4,4,0.0
22436n,C_first.txt,5,5,0.0
124590c,E_first.txt,4,4,0.0
124590c,N_first.txt,7,7,0.0
124590c,C_first.txt,4,4,0.0
8257n,E_first.txt,6,5,0.16666666666666663
8257n,N_first.txt,6,5,0.16666666666666663
8257n,C_first.txt,7,7,0.0
82174e,E_first.txt,5,5,0.0
82174e,N_first.txt,5,5,0.0
82174e,C_first.txt,7,7,0.0
65130n,E_first.txt,4,4,0.0
65130n,N_first.txt,4,3,0.25
65130n,C_first.txt,6,5,0.16666666666666663
33822n,E_first.txt,8,8,0.0
33822n,N_first.txt,5,5,0.0
33822n,C_first.txt,5,5,0.0
7449e,E_first.txt,6,6,0.0
7449e,N_first.txt,5,5,0.0
7449e,C_first.txt,4,4,0.0
103364n,E_first.txt,5,5,0.0
103364n,N_first.txt,8,8,0.0
103364n,C_first.txt,5,5,0.0
144753c,E_first.txt,7,7,0.0
144753c,N_first.txt,6,6,0.0
144753c,C_first.txt,5,5,0.0
74377e,E_first.txt,20,16,0.19999999999999996
74377e,N_first.txt,4,3,0.25
74377e,C_first.txt,13,13,0.0
91106n,E_first.txt,6,6,0.0
91106n,N_first.txt,2,2,0.0
91106n,C_first.txt,4,4,0.0
88605n,E_first.txt,4,4,0.0
88605n,N_first.txt,5,5,0.0
88605n,C_first.txt,5,5,0.0
55572n,E_first.txt,5,5,0.0
55572n,N_first.txt,5,5,0.0
55572n,C_first.txt,5,5,0.0
73444n,E_first.txt,6,6,0.0
73444n,N_first.txt,5,5,0.0
73444n,C_first.txt,10,10,0.0
141321n,E_first.txt,2,2,0.0
141321n,N_first.txt,5,5,0.0
141321n,C_first.txt,3,3,0.0
15537n,E_first.txt,5,5,0.0
15537n,N_first.txt,8,8,0.0
15537n,C_first.txt,5,5,0.0
65199n,E_first.txt,10,10,0.0
65199n,N_first.txt,7,6,0.1428571428571429
65199n,C_first.txt,5,5,0.0
2262n,E_first.txt,4,4,0.0
2262n,N_first.txt,5,5,0.0
2262n,C_first.txt,3,3,0.0
16086n,E_first.txt,3,3,0.0
16086n,N_first.txt,8,7,0.125
16086n,C_first.txt,4,4,0.0
125021c,E_first.txt,4,4,0.0
125021c,N_first.txt,5,5,0.0
125021c,C_first.txt,4,3,0.25
11601n,E_first.txt,5,5,0.0
11601n,N_first.txt,8,8,0.0
11601n,C_first.txt,5,5,0.0
27022c,E_first.txt,2,2,0.0
27022c,N_first.txt,5,5,0.0
27022c,C_first.txt,4,4,0.0
132539e,E_first.txt,7,6,0.1428571428571429
132539e,N_first.txt,5,5,0.0
132539e,C_first.txt,4,4,0.0
98487c,E_first.txt,5,5,0.0
98487c,N_first.txt,5,5,0.0
98487c,C_first.txt,7,7,0.0
144753e,E_first.txt,7,7,0.0
144753e,N_first.txt,5,5,0.0
144753e,C_first.txt,6,6,0.0
51353c,E_first.txt,4,4,0.0
51353c,N_first.txt,5,5,0.0
51353c,C_first.txt,10,10,0.0
123751n,E_first.txt,8,8,0.0
123751n,N_first.txt,7,7,0.0
123751n,C_first.txt,14,12,0.1428571428571429
60732n,E_first.txt,7,7,0.0
60732n,N_first.txt,7,6,0.1428571428571429
60732n,C_first.txt,5,5,0.0
125238c,E_first.txt,5,5,0.0
125238c,N_first.txt,7,7,0.0
125238c,C_first.txt,4,4,0.0
118999n,E_first.txt,5,5,0.0
118999n,N_first.txt,5,5,0.0
118999n,C_first.txt,4,4,0.0
106013c,E_first.txt,5,5,0.0
106013c,N_first.txt,5,5,0.0
106013c,C_first.txt,5,5,0.0
100349e,E_first.txt,5,5,0.0
100349e,N_first.txt,6,6,0.0
100349e,C_first.txt,5,4,0.19999999999999996
82156e,E_first.txt,10,9,0.09999999999999998
82156e,N_first.txt,8,8,0.0
82156e,C_first.txt,5,4,0.19999999999999996
108624c,E_first.txt,6,6,0.0
108624c,N_first.txt,5,5,0.0
108624c,C_first.txt,2,2,0.0
112547n,E_first.txt,6,6,0.0
112547n,N_first.txt,8,8,0.0
112547n,C_first.txt,7,7,0.0
135898c,E_first.txt,6,6,0.0
135898c,N_first.txt,10,9,0.09999999999999998
135898c,C_first.txt,4,4,0.0
73518n,E_first.txt,4,4,0.0
73518n,N_first.txt,8,8,0.0
73518n,C_first.txt,6,6,0.0
139836n,E_first.txt,4,4,0.0
139836n,N_first.txt,8,8,0.0
139836n,C_first.txt,7,7,0.0
67571c,E_first.txt,5,5,0.0
67571c,N_first.txt,7,6,0.1428571428571429
67571c,C_first.txt,3,3,0.0
123891c,E_first.txt,4,4,0.0
123891c,N_first.txt,5,5,0.0
123891c,C_first.txt,7,6,0.1428571428571429
81579e,E_first.txt,3,3,0.0
81579e,N_first.txt,5,5,0.0
81579e,C_first.txt,5,5,0.0
38475c,E_first.txt,3,3,0.0
38475c,N_first.txt,8,7,0.125
38475c,C_first.txt,4,4,0.0
93357c,E_first.txt,5,5,0.0
93357c,N_first.txt,6,6,0.0
93357c,C_first.txt,5,5,0.0
34776c,E_first.txt,3,3,0.0
34776c,N_first.txt,8,7,0.125
34776c,C_first.txt,14,14,0.0
12562n,E_first.txt,3,3,0.0
12562n,N_first.txt,5,5,0.0
12562n,C_first.txt,6,6,0.0
79507e,E_first.txt,12,9,0.25
79507e,N_first.txt,8,7,0.125
79507e,C_first.txt,7,7,0.0
79141n,E_first.txt,5,5,0.0
79141n,N_first.txt,7,5,0.2857142857142857
79141n,C_first.txt,3,3,0.0
127290n,E_first.txt,5,4,0.19999999999999996
127290n,N_first.txt,8,7,0.125
127290n,C_first.txt,11,9,0.18181818181818177
53499c,E_first.txt,8,8,0.0
53499c,N_first.txt,5,4,0.19999999999999996
53499c,C_first.txt,9,9,0.0
3476n,E_first.txt,7,7,0.0
3476n,N_first.txt,5,5,0.0
3476n,C_first.txt,4,4,0.0
119768n,E_first.txt,7,7,0.0
119768n,N_first.txt,10,10,0.0
119768n,C_first.txt,5,5,0.0
10229n,E_first.txt,8,8,0.0
10229n,N_first.txt,7,7,0.0
10229n,C_first.txt,5,5,0.0
120149c,E_first.txt,10,8,0.19999999999999996
120149c,N_first.txt,5,3,0.4
120149c,C_first.txt,5,4,0.19999999999999996
29844c,E_first.txt,5,5,0.0
29844c,N_first.txt,5,5,0.0
29844c,C_first.txt,6,6,0.0
118460n,E_first.txt,4,4,0.0
118460n,N_first.txt,5,5,0.0
118460n,C_first.txt,4,3,0.25
92774n,E_first.txt,3,3,0.0
92774n,N_first.txt,4,4,0.0
92774n,C_first.txt,4,4,0.0
9557e,E_first.txt,4,4,0.0
9557e,N_first.txt,6,6,0.0
9557e,C_first.txt,5,4,0.19999999999999996
98445c,E_first.txt,5,5,0.0
98445c,N_first.txt,5,5,0.0
98445c,C_first.txt,6,6,0.0
1073c,E_first.txt,5,5,0.0
1073c,N_first.txt,5,5,0.0
1073c,C_first.txt,10,10,0.0
129464c,E_first.txt,8,8,0.0
129464c,N_first.txt,8,7,0.125
129464c,C_first.txt,5,5,0.0
100136e,E_first.txt,10,9,0.09999999999999998
100136e,N_first.txt,7,7,0.0
100136e,C_first.txt,10,10,0.0
96516e,E_first.txt,7,6,0.1428571428571429
96516e,N_first.txt,7,7,0.0
96516e,C_first.txt,4,4,0.0
79013n,E_first.txt,3,3,0.0
79013n,N_first.txt,5,5,0.0
79013n,C_first.txt,3,3,0.0
8219n,E_first.txt,5,5,0.0
8219n,N_first.txt,9,9,0.0
8219n,C_first.txt,8,8,0.0
129081n,E_first.txt,8,7,0.125
129081n,N_first.txt,6,6,0.0
129081n,C_first.txt,5,5,0.0
49227n,E_first.txt,5,5,0.0
49227n,N_first.txt,7,6,0.1428571428571429
49227n,C_first.txt,5,5,0.0
128176e,E_first.txt,12,11,0.08333333333333337
128176e,N_first.txt,4,4,0.0
128176e,C_first.txt,5,5,0.0
81842c,E_first.txt,6,6,0.0
81842c,N_first.txt,5,5,0.0
81842c,C_first.txt,8,7,0.125
30171n,E_first.txt,13,11,0.15384615384615385
30171n,N_first.txt,9,7,0.2222222222222222
30171n,C_first.txt,4,4,0.0
87332c,E_first.txt,5,5,0.0
87332c,N_first.txt,6,6,0.0
87332c,C_first.txt,5,5,0.0
19578n,E_first.txt,4,3,0.25
19578n,N_first.txt,5,5,0.0
19578n,C_first.txt,4,4,0.0
117576e,E_first.txt,10,8,0.19999999999999996
117576e,N_first.txt,5,5,0.0
117576e,C_first.txt,10,9,0.09999999999999998
65066n,E_first.txt,3,3,0.0
65066n,N_first.txt,4,4,0.0
65066n,C_first.txt,3,3,0.0
72721e,E_first.txt,4,4,0.0
72721e,N_first.txt,6,6,0.0
72721e,C_first.txt,5,5,0.0
127809n,E_first.txt,4,4,0.0
127809n,N_first.txt,10,8,0.19999999999999996
127809n,C_first.txt,4,4,0.0
2870n,E_first.txt,3,3,0.0
2870n,N_first.txt,4,4,0.0
2870n,C_first.txt,4,4,0.0
6386n,E_first.txt,5,5,0.0
6386n,N_first.txt,5,5,0.0
6386n,C_first.txt,7,7,0.0
103559e,E_first.txt,5,5,0.0
103559e,N_first.txt,5,5,0.0
103559e,C_first.txt,8,6,0.25
131235c,E_first.txt,7,6,0.1428571428571429
131235c,N_first.txt,5,5,0.0
131235c,C_first.txt,5,5,0.0
48454c,E_first.txt,5,5,0.0
48454c,N_first.txt,5,5,0.0
48454c,C_first.txt,4,4,0.0
142729c,E_first.txt,12,11,0.08333333333333337
142729c,N_first.txt,3,3,0.0
142729c,C_first.txt,3,3,0.0
137715n,E_first.txt,5,5,0.0
137715n,N_first.txt,8,8,0.0
137715n,C_first.txt,5,5,0.0
76037n,E_first.txt,6,5,0.16666666666666663
76037n,N_first.txt,5,5,0.0
76037n,C_first.txt,6,6,0.0
52542n,E_first.txt,4,4,0.0
52542n,N_first.txt,4,3,0.25
52542n,C_first.txt,5,5,0.0
80930n,E_first.txt,11,11,0.0
80930n,N_first.txt,8,8,0.0
80930n,C_first.txt,10,9,0.09999999999999998
123267e,E_first.txt,5,5,0.0
123267e,N_first.txt,6,6,0.0
123267e,C_first.txt,5,5,0.0
86331e,E_first.txt,5,5,0.0
86331e,N_first.txt,7,7,0.0
86331e,C_first.txt,5,4,0.19999999999999996
83657c,E_first.txt,4,4,0.0
83657c,N_first.txt,9,8,0.11111111111111116
83657c,C_first.txt,5,5,0.0
34094e,E_first.txt,6,5,0.16666666666666663
34094e,N_first.txt,14,11,0.2142857142857143
34094e,C_first.txt,6,6,0.0
116176c,E_first.txt,9,7,0.2222222222222222
116176c,N_first.txt,5,5,0.0
116176c,C_first.txt,4,4,0.0
74509n,E_first.txt,2,2,0.0
74509n,N_first.txt,4,4,0.0
74509n,C_first.txt,7,7,0.0
134356n,E_first.txt,7,6,0.1428571428571429
134356n,N_first.txt,8,6,0.25
134356n,C_first.txt,8,8,0.0
41975c,E_first.txt,5,5,0.0
41975c,N_first.txt,4,2,0.5
41975c,C_first.txt,3,3,0.0
58557e,E_first.txt,3,3,0.0
58557e,N_first.txt,5,4,0.19999999999999996
58557e,C_first.txt,7,7,0.0
25304n,E_first.txt,6,6,0.0
25304n,N_first.txt,6,6,0.0
25304n,C_first.txt,5,5,0.0
54383c,E_first.txt,6,6,0.0
54383c,N_first.txt,5,5,0.0
54383c,C_first.txt,3,2,0.33333333333333337
133005n,E_first.txt,3,3,0.0
133005n,N_first.txt,5,5,0.0
133005n,C_first.txt,12,11,0.08333333333333337
17179n,E_first.txt,5,5,0.0
17179n,N_first.txt,4,3,0.25
17179n,C_first.txt,6,5,0.16666666666666663
141110n,E_first.txt,4,4,0.0
141110n,N_first.txt,4,4,0.0
141110n,C_first.txt,4,4,0.0
27335e,E_first.txt,8,8,0.0
27335e,N_first.txt,7,7,0.0
27335e,C_first.txt,10,9,0.09999999999999998
85428e,E_first.txt,6,6,0.0
85428e,N_first.txt,4,4,0.0
85428e,C_first.txt,4,4,0.0
11618c,E_first.txt,8,7,0.125
11618c,N_first.txt,2,2,0.0
11618c,C_first.txt,4,4,0.0
53211n,E_first.txt,5,5,0.0
53211n,N_first.txt,6,6,0.0
53211n,C_first.txt,7,7,0.0
144408n,E_first.txt,3,3,0.0
144408n,N_first.txt,5,5,0.0
144408n,C_first.txt,5,5,0.0
112402c,E_first.txt,2,2,0.0
112402c,N_first.txt,7,7,0.0
112402c,C_first.txt,5,4,0.19999999999999996
31775c,E_first.txt,2,2,0.0
31775c,N_first.txt,5,5,0.0
31775c,C_first.txt,3,3,0.0
56895c,E_first.txt,5,4,0.19999999999999996
56895c,N_first.txt,5,5,0.0
56895c,C_first.txt,5,5,0.0
92062c,E_first.txt,4,4,0.0
92062c,N_first.txt,5,5,0.0
92062c,C_first.txt,5,5,0.0
61429c,E_first.txt,4,4,0.0
61429c,N_first.txt,8,8,0.0
61429c,C_first.txt,6,6,0.0
27287c,E_first.txt,4,4,0.0
27287c,N_first.txt,5,5,0.0
27287c,C_first.txt,5,5,0.0
110061n,E_first.txt,5,5,0.0
110061n,N_first.txt,9,7,0.2222222222222222
110061n,C_first.txt,8,8,0.0
61216c,E_first.txt,5,5,0.0
61216c,N_first.txt,7,7,0.0
61216c,C_first.txt,5,5,0.0
63469c,E_first.txt,5,5,0.0
63469c,N_first.txt,5,5,0.0
63469c,C_first.txt,4,4,0.0
103354n,E_first.txt,4,4,0.0
103354n,N_first.txt,7,7,0.0
103354n,C_first.txt,5,5,0.0
28456n,E_first.txt,5,5,0.0
28456n,N_first.txt,6,6,0.0
28456n,C_first.txt,7,7,0.0
138448c,E_first.txt,4,4,0.0
138448c,N_first.txt,6,6,0.0
138448c,C_first.txt,6,6,0.0
59208n,E_first.txt,4,4,0.0
59208n,N_first.txt,7,6,0.1428571428571429
59208n,C_first.txt,5,5,0.0
30894n,E_first.txt,10,10,0.0
30894n,N_first.txt,10,9,0.09999999999999998
30894n,C_first.txt,8,8,0.0
82528c,E_first.txt,3,3,0.0
82528c,N_first.txt,5,5,0.0
82528c,C_first.txt,4,4,0.0
93955n,E_first.txt,6,3,0.5
93955n,N_first.txt,5,5,0.0
93955n,C_first.txt,7,7,0.0
14280n,E_first.txt,10,6,0.4
14280n,N_first.txt,5,5,0.0
14280n,C_first.txt,11,11,0.0
76020e,E_first.txt,3,3,0.0
76020e,N_first.txt,5,5,0.0
76020e,C_first.txt,6,6,0.0
142430c,E_first.txt,6,6,0.0
142430c,N_first.txt,5,5,0.0
142430c,C_first.txt,10,9,0.09999999999999998
138862c,E_first.txt,5,5,0.0
138862c,N_first.txt,5,5,0.0
138862c,C_first.txt,7,7,0.0
13133n,E_first.txt,10,9,0.09999999999999998
13133n,N_first.txt,5,4,0.19999999999999996
13133n,C_first.txt,9,9,0.0
69815n,E_first.txt,0,0,0.0
69815n,N_first.txt,5,3,0.4
69815n,C_first.txt,4,3,0.25
76219n,E_first.txt,8,8,0.0
76219n,N_first.txt,5,3,0.4
76219n,C_first.txt,7,5,0.2857142857142857
110234e,E_first.txt,5,5,0.0
110234e,N_first.txt,6,6,0.0
110234e,C_first.txt,8,8,0.0
109679n,E_first.txt,4,4,0.0
109679n,N_first.txt,4,4,0.0
109679n,C_first.txt,5,5,0.0
28507n,E_first.txt,7,7,0.0
28507n,N_first.txt,4,4,0.0
28507n,C_first.txt,7,7,0.0
11297c,E_first.txt,7,7,0.0
11297c,N_first.txt,8,8,0.0
11297c,C_first.txt,10,10,0.0
107252c,E_first.txt,3,3,0.0
107252c,N_first.txt,5,5,0.0
107252c,C_first.txt,5,5,0.0
74768e,E_first.txt,6,6,0.0
74768e,N_first.txt,6,6,0.0
74768e,C_first.txt,5,5,0.0
13765c,E_first.txt,7,7,0.0
13765c,N_first.txt,8,8,0.0
13765c,C_first.txt,4,4,0.0
8545c,E_first.txt,3,3,0.0
8545c,N_first.txt,4,4,0.0
8545c,C_first.txt,6,5,0.16666666666666663
38156n,E_first.txt,10,9,0.09999999999999998
38156n,N_first.txt,10,10,0.0
38156n,C_first.txt,7,7,0.0
112349c,E_first.txt,8,8,0.0
112349c,N_first.txt,5,4,0.19999999999999996
112349c,C_first.txt,9,9,0.0
117093n,E_first.txt,5,5,0.0
117093n,N_first.txt,7,7,0.0
117093n,C_first.txt,3,3,0.0
131261n,E_first.txt,5,5,0.0
131261n,N_first.txt,5,5,0.0
131261n,C_first.txt,10,10,0.0
145047e,E_first.txt,5,5,0.0
145047e,N_first.txt,8,8,0.0
145047e,C_first.txt,13,12,0.07692307692307687
107468n,E_first.txt,4,4,0.0
107468n,N_first.txt,5,4,0.19999999999999996
107468n,C_first.txt,7,7,0.0
82830n,E_first.txt,4,4,0.0
82830n,N_first.txt,5,5,0.0
82830n,C_first.txt,5,5,0.0
64123c,E_first.txt,3,3,0.0
64123c,N_first.txt,6,5,0.16666666666666663
64123c,C_first.txt,5,5,0.0
102075c,E_first.txt,6,6,0.0
102075c,N_first.txt,4,4,0.0
102075c,C_first.txt,3,3,0.0
74534n,E_first.txt,6,5,0.16666666666666663
74534n,N_first.txt,6,6,0.0
74534n,C_first.txt,6,6,0.0
19208c,E_first.txt,4,4,0.0
19208c,N_first.txt,5,5,0.0
19208c,C_first.txt,7,7,0.0
52278e,E_first.txt,2,2,0.0
52278e,N_first.txt,5,5,0.0
52278e,C_first.txt,3,3,0.0
47408n,E_first.txt,4,3,0.25
47408n,N_first.txt,8,7,0.125
47408n,C_first.txt,5,5,0.0
10119e,E_first.txt,7,7,0.0
10119e,N_first.txt,6,5,0.16666666666666663
10119e,C_first.txt,5,5,0.0
113193n,E_first.txt,6,6,0.0
113193n,N_first.txt,8,8,0.0
113193n,C_first.txt,4,4,0.0
34043c,E_first.txt,5,5,0.0
34043c,N_first.txt,5,5,0.0
34043c,C_first.txt,6,5,0.16666666666666663
13760n,E_first.txt,7,7,0.0
13760n,N_first.txt,6,6,0.0
13760n,C_first.txt,3,3,0.0
47404e,E_first.txt,7,6,0.1428571428571429
47404e,N_first.txt,8,8,0.0
47404e,C_first.txt,4,4,0.0
56124n,E_first.txt,4,4,0.0
56124n,N_first.txt,7,7,0.0
56124n,C_first.txt,7,7,0.0
35809n,E_first.txt,6,5,0.16666666666666663
35809n,N_first.txt,7,7,0.0
35809n,C_first.txt,6,6,0.0
128542e,E_first.txt,8,7,0.125
128542e,N_first.txt,8,7,0.125
128542e,C_first.txt,6,6,0.0
65353n,E_first.txt,5,5,0.0
65353n,N_first.txt,5,5,0.0
65353n,C_first.txt,10,9,0.09999999999999998
30282n,E_first.txt,7,7,0.0
30282n,N_first.txt,8,8,0.0
30282n,C_first.txt,7,7,0.0
101245n,E_first.txt,5,5,0.0
101245n,N_first.txt,3,2,0.33333333333333337
101245n,C_first.txt,3,3,0.0
22938e,E_first.txt,14,14,0.0
22938e,N_first.txt,8,8,0.0
22938e,C_first.txt,6,6,0.0
98710n,E_first.txt,4,4,0.0
98710n,N_first.txt,7,5,0.2857142857142857
98710n,C_first.txt,4,4,0.0
